,M1,M2,M3,M4,M5,M6,M7,M8,M9,M10,M11,M12,M13,M14,M15,M16,M17,M18,M19,M20,M21,M22,M23,M24,M25,M26,M27,M28,M29,Class,SampleID,SampleType,Chronic Fatigue Syndrome
10,14.5,168.3,44.2,28.6,16.7,7.1,23.4,19.0,6.3,17.2,8.8,721.6,62.4,154.6,82.2,27.8,35.4,16.3,1399.9,34.9,58.3,39.2,23.1,71.1,56.6,42.4,15.6,15.5,54.8,0,Synthetic Sample,serum,non-CFS control
2,18.5,129.3,47.6,24.8,13.4,12.5,26.3,19.1,7.6,15.3,44.8,832.8,52.9,154.9,83.2,23.7,28.1,16.2,1120.6,35.9,56.7,34.4,18.8,67.5,43.9,49.6,13.2,11.2,57.8,0,Synthetic Sample,serum,non-CFS control
1,17.3,145.6,50.1,24.9,13.1,11.2,28.5,19.8,8.2,15.1,50.3,876.5,55.6,160.1,90.2,23.2,26.5,15.4,1090.1,33.4,52.7,35.3,18.6,60.4,43.6,46.2,13.9,11.1,56.8,0,Synthetic Sample,serum,non-CFS control
5,7.8,112.3,44.5,20.1,15.6,11.2,22.1,18.8,5.3,16.4,4.1,1101.6,46.8,154.2,53.9,24.6,6.9,25.3,301.5,48.3,51.7,33.4,18.2,61.5,31.2,48.6,15.6,23.6,65.4,0,Synthetic Sample,serum,non-CFS control
9,12.3,145.6,42.1,25.7,15.9,10.8,30.5,24.3,8.8,21.2,9.1,1546.2,50.5,168.9,75.2,27.5,6.2,13.9,1235.4,45.8,58.2,38.1,22.4,76.3,51.1,48.7,20.9,28.5,83.6,0,Synthetic Sample,serum,non-CFS control
8,7.6,145.2,55.7,23.6,22.4,13.6,25.3,25.3,7.1,22.0,5.3,1335.9,59.8,181.5,64.5,27.6,7.5,25.4,356.8,58.3,66.9,44.6,18.9,78.7,39.6,55.5,16.3,22.1,81.8,0,Synthetic Sample,serum,non-CFS control
7,8.4,112.3,42.1,16.9,14.5,10.8,18.6,18.6,4.3,15.2,2.8,1121.6,46.3,154.1,53.6,21.2,4.9,20.9,285.9,45.2,52.1,35.7,13.4,63.6,33.2,50.2,14.8,18.5,65.1,0,Synthetic Sample,serum,non-CFS control
3,15.4,142.6,42.3,22.8,13.7,13.6,24.5,19.1,8.1,14.8,42.5,789.1,47.8,155.2,78.4,21.6,22.1,14.4,913.6,30.9,46.8,29.1,14.5,58.4,36.2,43.2,10.8,12.3,52.6,0,Synthetic Sample,serum,non-CFS control
0,18.5,152.3,52.3,25.7,15.9,13.7,27.8,18.9,4.2,19.4,5.7,945.3,46.8,161.2,83.6,24.7,29.5,14.6,1143.6,37.9,58.8,38.5,19.6,59.8,45.2,45.2,11.2,15.1,51.8,0,Synthetic Sample,serum,non-CFS control
