Idx,SampleID,Class,Diet,M1,M2,M3,M4,M5,M6,M7,M8,M9,M10,M11,M12,M13,M14,M15,M16,M17,M18,M19,M20,M21,M22,M23,M24,M25,M26,M27,M28,M29,M30,M31,M32,M33,M34,M35,M36,M37,M38,M39,M40,M41,M42
1,CON1-BA,0,Normal,0.024268,0.018907,0.030357,0.192962,0.389758,0.037912,0.08274,0.036616,0.02344,0.011495,0.014823,0.002006,0.009547,0.047825,0.191469,0.015701,0.015418,0.004286,0.023756,0.146737,0.007015,0.051277,8.31E-04,0.059535,0.001234,0.669314,0.001061,0.002116,0.001051,2.80E-04,0.001447,6.60E-05,6.34E-04,8.60E-05,3.76E-04,0.003458,8.30E-05,3.30E-05,6.10E-05,0.002568,1.79E-04,3.52E-04
2,CON2-BA,0,Normal,0.010279,0.026554,0.011731,0.118642,0.375821,0.03529,0.182786,0.019226,0.009803,0.004882,0.385392,0.006189,0.011574,0.019743,0.196547,0.008537,0.009183,0.004671,0.012336,0.018663,0.004137,0.021959,5.03E-04,0.026709,5.57E-04,0.29489,7.96E-04,0.00348,0.001001,1.57E-04,0.003864,2.70E-05,6.95E-04,8.60E-05,3.96E-04,0.003458,3.29E-04,3.90E-05,7.20E-05,0.001739,1.00E-06,3.91E-04
3,CON3-BA,0,Normal,0.018591,0.022154,0.055893,0.279967,0.396904,0.02535,0.118608,0.880001,0.050325,0.00819,0.085206,0.003726,0.005455,0.024619,0.166087,0.013898,0.004384,0.003445,0.031087,0.14762,0.003326,0.052845,7.10E-04,0.040296,7.64E-04,0.344789,6.72E-04,0.003118,0.001337,2.80E-04,0.003419,6.50E-05,0.001115,1.38E-04,1.67E-04,0.003899,5.73E-04,2.50E-05,1.01E-04,0.00302,1.66E-04,3.95E-04
4,CON4-BA,0,Normal,0.028157,0.008598,0.019798,0.14258,0.110375,0.025265,0.027236,0.029228,0.028914,0.010885,0.006803,0.001586,0.011574,0.028235,0.196547,0.008926,0.010336,0.004064,0.024644,0.147873,0.008959,0.086542,3.76E-04,0.061851,0.001352,0.334133,2.12E-04,0.002837,9.06E-04,7.20E-05,0.001819,2.50E-05,1.65E-04,8.60E-05,3.80E-04,5.08E-04,1.44E-04,3.50E-05,1.70E-04,1.77E-04,3.50E-05,3.31E-04
5,CON5-BA,0,Normal,0.021053,0.009338,0.01183,0.208497,0.272574,0.030219,0.057851,0.022656,0.024638,0.009785,0.007381,0.002297,0.011574,0.026106,0.196547,0.009316,0.014215,0.00296,0.019372,0.081739,0.007653,0.043484,7.16E-04,0.070836,3.75E-04,0.461803,4.56E-04,0.001336,0.001119,1.96E-04,0.005608,3.30E-05,6.30E-04,8.60E-05,3.15E-04,0.002652,3.93E-04,2.90E-05,5.50E-05,8.62E-04,6.90E-05,3.12E-04
6,CON6-BA,0,Normal,0.017074,0.010821,0.034417,0.245964,0.116299,0.01216,0.040944,0.356146,0.009338,0.008348,0.008546,0.004239,0.006079,0.023552,0.196547,0.005478,0.012387,0.001754,0.004287,0.095952,0.00867,0.119863,2.34E-04,0.052431,4.54E-04,0.434144,7.96E-04,0.005935,0.001438,1.05E-04,0.004586,4.20E-05,4.14E-04,7.00E-05,4.08E-04,0.002679,2.05E-04,3.00E-05,6.20E-05,3.44E-04,7.20E-05,2.40E-04
7,CON7-BA,0,Normal,0.02795,0.016062,0.074484,0.339122,0.887079,0.067851,0.246801,1.080604,0.062281,0.00819,0.087951,0.005225,0.01103,0.018496,0.196547,0.026364,0.006428,0.00955,0.019247,0.033082,0.004572,0.060343,0.001989,0.055356,7.89E-04,0.399736,7.14E-04,4.92E-04,9.82E-04,2.80E-04,9.78E-04,3.39E-04,2.83E-04,5.00E-05,1.62E-04,8.12E-04,4.67E-04,3.30E-05,8.70E-05,0.004132,2.81E-04,0.001347
8,HFD1-BA,1,High-fat diet,0.174683,0.064772,0.016903,0.269203,1.127978,0.095316,0.22425,0.040546,0.033521,0.009725,0.050445,0.013272,0.00713,0.033675,0.071801,0.018179,0.011961,0.008402,0.012884,0.048852,0.005879,0.045658,0.00141,0.021665,0.002985,0.407164,6.28E-04,0.002188,0.004294,1.61E-04,0.004986,9.50E-05,0.002846,7.70E-05,4.61E-04,0.006586,5.50E-04,1.31E-04,5.70E-05,0.004746,2.32E-04,3.89E-04
9,HFD2-BA,1,High-fat diet,0.180092,0.081136,0.034674,0.470985,1.035971,0.055963,0.198144,0.090366,0.054883,0.009261,0.063155,0.029217,0.00713,0.037645,0.071801,0.004166,0.005917,0.002714,0.009145,0.051319,0.005488,0.084472,0.001192,0.027154,0.004178,0.481503,6.29E-04,0.003968,0.003476,5.01E-04,0.004849,5.10E-05,0.001686,1.08E-04,6.09E-04,0.008188,4.98E-04,1.82E-04,7.20E-05,0.002882,3.80E-05,4.40E-04
10,HFD3-BA,1,High-fat diet,0.146092,0.024194,0.075222,0.315341,0.728416,0.044439,0.107511,0.036857,0.020169,0.011003,0.018948,0.003631,0.00713,0.036679,0.071801,0.011856,0.02204,0.004273,0.014198,0.086608,0.009211,0.100571,5.38E-04,0.027869,0.003412,0.650193,9.99E-04,7.51E-04,0.004254,8.50E-04,0.011895,1.31E-04,0.002565,1.32E-04,7.97E-04,0.006927,3.78E-04,7.70E-05,6.80E-05,0.001954,1.48E-04,4.22E-04
11,HFD4-BA,1,High-fat diet,0.31983,0.101397,0.126258,0.675702,1.229924,0.057098,0.119062,0.536921,0.048321,0.006157,0.246328,0.02996,0.00662,0.048465,0.071801,0.006136,0.00462,0.002484,0.021306,0.052441,0.011632,0.093473,0.001443,0.022718,0.004543,0.325874,2.46E-04,0.001936,0.003898,6.93E-04,0.006166,1.37E-04,0.004487,1.11E-04,4.91E-04,0.008114,8.71E-04,1.31E-04,1.77E-04,0.001723,1.60E-05,2.08E-04
12,HFD5-BA,1,High-fat diet,0.193839,0.065327,0.019617,0.360806,1.140841,0.087651,0.227466,0.06586,0.035021,0.014908,1.127317,0.048398,0.00713,0.029215,0.071801,0.018187,0.012302,0.010217,0.01591,0.059434,0.006191,0.085113,4.67E-04,0.04461,0.00507,0.613444,0.00145,0.002139,0.003505,4.45E-04,0.005967,4.00E-05,0.002568,6.00E-05,3.78E-04,0.008114,5.17E-04,1.72E-04,5.60E-05,0.003205,9.30E-05,6.65E-04
13,HFD6-BA,1,High-fat diet,0.217884,0.021364,0.033493,0.265347,0.771555,0.035697,0.129849,0.759754,0.042421,0.010211,0.246328,0.001883,0.004894,0.016625,0.105042,0.009878,0.004483,0.003287,0.021306,0.056651,0.002223,0.050344,6.49E-04,0.031637,0.012873,0.25368,1.96E-04,0.002397,0.004335,4.12E-04,8.04E-04,1.60E-05,4.98E-04,1.31E-04,4.38E-04,6.91E-04,2.28E-04,2.26E-04,8.50E-05,7.42E-04,5.60E-05,3.86E-04
14,HFD7-BA,1,High-fat diet,0.292765,0.059698,0.14856,1.038367,0.886957,0.071968,0.240171,1.602734,0.164745,0.010211,0.193474,0.02106,0.011067,0.026136,0.071801,0.034338,0.001676,0.007754,0.054392,0.060731,0.030651,0.182352,0.001916,0.066091,6.93E-04,0.392109,7.77E-04,0.001938,0.005291,4.45E-04,0.007269,3.08E-04,0.002934,1.38E-04,1.27E-04,0.021421,6.47E-04,1.53E-04,8.00E-05,0.008264,3.71E-04,0.001611
15,CBA1-BA,3,Normal diet supplemented with bile acids,0.770971,0.019755,0.086634,0.29648,1.201891,0.038508,0.111209,0.618262,0.023272,0.015509,0.053165,0.080596,0.015025,0.006266,0.055748,0.006607,0.00196,0.004404,0.004687,0.009214,0.051597,0.40944,0.00357,0.026898,0.001421,0.924169,7.50E-04,0.025769,0.005803,3.29E-04,0.003691,0.001603,0.013938,1.00E-04,5.20E-04,0.004323,6.02E-04,4.34E-04,2.05E-04,0.023623,3.13E-04,0.001129
16,CBA2-BA,3,Normal diet supplemented with bile acids,0.24386,0.028566,0.060124,0.203096,0.901898,0.083148,0.162958,0.637833,0.008767,0.018263,0.02239,0.004974,0.006537,0.036864,0.055748,0.024238,0.024374,0.009868,0.002329,0.114295,0.005746,0.080682,0.001126,0.050483,0.001443,1.077259,9.33E-04,0.00393,0.002615,1.53E-04,0.001135,2.12E-04,0.001311,1.08E-04,5.26E-04,0.002661,3.10E-04,6.10E-05,1.07E-04,0.004548,2.66E-04,3.64E-04
17,CBA3-BA,3,Normal diet supplemented with bile acids,0.24386,0.005645,0.003895,0.058322,0.835239,0.024617,0.0791,0.473817,0.005281,0.017944,0.319712,0.042431,0.006537,0.016087,0.055748,0.006675,0.008619,0.003622,0.002692,0.020106,0.008408,0.040843,0.002191,0.019592,3.47E-04,0.423695,7.35E-04,3.76E-04,0.002615,3.16E-04,0.001479,2.60E-05,0.003728,8.80E-05,3.12E-04,0.002661,3.10E-04,3.60E-05,6.60E-05,0.002045,2.10E-05,3.71E-04
18,CBA4-BA,3,Normal diet supplemented with bile acids,0.167262,0.012986,0.00444,0.173199,1.051395,0.045697,0.035498,0.059313,0.001801,0.015509,0.096235,0.005304,0.003328,0.011922,0.013769,0.0071,0.002221,0.002251,0.004448,0.040715,0.010855,0.063512,0.012278,0.004459,0.002177,0.275778,6.02E-04,0.005331,0.002113,3.99E-04,0.001479,1.80E-05,0.002451,1.21E-04,3.55E-04,9.00E-04,2.18E-04,0.001757,6.10E-05,0.008239,2.72E-04,1.50E-04
19,CBA5-BA,3,Normal diet supplemented with bile acids,0.081535,0.017749,0.018042,0.114875,1.051908,0.039525,0.071274,0.859531,0.009706,0.015509,0.096235,0.004196,0.00379,0.017171,0.097727,0.023046,0.005143,0.004683,0.004891,0.00297,0.007194,0.080556,0.001774,0.019227,8.52E-04,0.284102,9.18E-04,0.008311,0.001339,5.09E-04,9.88E-04,2.40E-05,6.23E-04,8.80E-05,5.50E-05,0.002055,2.49E-04,2.42E-04,9.80E-05,0.004331,2.69E-04,3.21E-04
20,CBA6-BA,3,Normal diet supplemented with bile acids,0.105676,0.033828,0.052208,0.233929,1.047031,0.022467,0.102446,0.106654,0.01819,0.021791,0.02641,0.032276,0.006537,0.02196,0.055748,0.013186,0.001754,0.001663,0.004513,0.089468,0.009529,0.186748,7.28E-04,0.02418,0.001799,0.618275,6.48E-04,0.010953,0.002615,2.54E-04,0.0011,3.70E-05,0.002953,7.20E-05,3.75E-04,0.005449,3.40E-05,2.21E-04,8.90E-05,0.00549,5.00E-06,5.30E-04
21,CBA7-BA,3,Normal diet supplemented with bile acids,0.093859,0.019755,0.052649,0.132491,1.262487,0.065918,0.137362,0.561309,0.031134,0.015509,0.061796,0.007937,0.004004,0.018378,0.055748,0.011452,0.008591,0.006443,0.010674,0.008234,0.007233,0.07104,0.004613,0.064879,0.00134,1.342786,6.62E-04,0.003229,0.001207,2.54E-04,4.80E-04,3.90E-05,0.001093,4.00E-05,3.40E-04,5.76E-04,4.48E-04,2.88E-04,5.90E-05,0.012707,6.48E-04,0.001164
36,HGW1-BA,4,High-fat diet supplemented with GW4064,0.093067,0.047477,0.041376,0.406547,0.907702,0.093913,0.200714,0.062123,0.02693,0.013574,0.037012,0.011046,0.003,0.032817,0.133735,0.017325,0.017338,0.009697,0.013287,0.056508,0.008242,0.081901,8.66E-04,0.021486,0.001703,0.545772,7.91E-04,5.54E-04,0.00355,2.22E-04,0.011516,5.90E-05,0.002065,7.00E-05,7.11E-04,0.012964,1.09E-04,3.35E-04,8.00E-05,0.002382,1.79E-04,4.72E-04
37,HGW2-BA,4,High-fat diet supplemented with GW4064,0.068094,0.034843,0.066094,0.456984,0.681432,0.116965,0.317099,0.143526,0.055293,0.011998,0.050523,0.005069,0.003,0.052168,0.133735,0.021009,0.020871,0.005395,0.022393,0.049977,0.00899,0.104812,8.55E-04,0.03946,0.001124,0.350636,8.34E-04,0.003939,0.005206,2.45E-04,0.010496,5.50E-05,0.001021,1.01E-04,7.07E-04,0.010178,2.69E-04,4.30E-05,6.90E-05,0.005329,2.31E-04,8.19E-04
38,HGW3-BA,4,High-fat diet supplemented with GW4064,0.042915,0.041393,0.051501,0.414242,0.523724,0.058811,0.190427,0.577873,0.013848,0.0034,0.053627,0.008999,0.004348,0.042589,0.133735,0.011453,0.012684,0.003783,0.002222,0.059281,0.006761,0.104599,4.34E-04,0.035851,0.001223,0.403879,4.15E-04,0.003563,0.001117,3.14E-04,0.01393,2.00E-05,0.001459,7.20E-05,4.56E-04,0.014983,3.33E-04,6.70E-05,6.90E-05,0.0012,1.20E-05,1.91E-04
39,HGW4-BA,4,High-fat diet supplemented with GW4064,0.015998,0.004861,0.034195,0.552667,0.509532,0.006354,0.01047,0.019442,0.004834,0.004351,0.010379,0.008585,0.001716,0.005291,0.133735,0.00964,0.011151,0.005356,0.002106,0.019266,0.007457,0.075911,1.09E-04,0.027582,2.51E-04,0.371388,6.86E-04,0.001803,0.003463,5.70E-05,0.010695,2.50E-05,0.001392,6.00E-05,4.36E-04,0.011603,2.94E-04,3.50E-05,4.80E-05,0.001906,1.09E-04,3.34E-04
40,HGW5-BA,4,High-fat diet supplemented with GW4064,0.014633,0.014348,0.040099,0.349816,0.177138,0.023689,0.089094,0.034799,0.005365,0.004245,0.185228,0.007577,0.001185,0.018291,0.133735,0.01111,0.00971,0.006105,0.004094,0.019453,0.011407,0.095729,1.71E-04,0.015387,0.001182,0.296735,0.001475,1.10E-04,0.003463,3.14E-04,0.010695,3.00E-05,0.001392,9.10E-05,4.53E-04,0.011603,2.94E-04,4.40E-05,8.40E-05,6.08E-04,1.09E-04,6.87E-04
41,HGW6-BA,4,High-fat diet supplemented with GW4064,0.014786,0.00689,0.027185,0.344839,0.092681,0.027148,0.023972,0.698522,0.013849,0.006726,0.00689,0.003294,0.002969,0.021448,0.138056,0.025282,0.016764,0.004135,0.002725,0.05853,0.010479,0.126861,3.94E-04,0.06412,0.001003,0.292897,4.65E-04,0.002256,8.03E-04,4.44E-04,0.004173,2.50E-05,1.57E-04,1.31E-04,1.28E-04,0.003296,2.39E-04,3.20E-05,6.90E-05,6.44E-04,7.80E-05,3.83E-04
42,HGW7-BA,4,High-fat diet supplemented with GW4064,0.219167,0.040684,0.035124,0.493511,0.544777,0.037582,0.093052,0.081774,0.035723,0.007775,0.031729,0.021676,0.003,0.026541,0.133735,0.004167,0.007887,0.003293,0.006975,0.086827,0.008889,0.101582,4.80E-04,0.028514,0.001786,0.323488,1.37E-04,0.003571,0.002934,1.19E-04,0.023023,5.00E-05,0.003304,1.81E-04,4.82E-04,0.010771,6.20E-04,0.001185,6.50E-05,0.001274,4.40E-05,4.22E-04
43,HAB1-BA,5,High-fat diet supplemented with antibiotics,1.21994,0.012244,0.051962,0.449699,0.007465,7.77E-04,0.010889,1.022606,0.08957,0.369843,0.036125,0.187601,0.00701,2.94E-04,2.38E-04,5.51E-04,4.40E-05,1.75E-04,1.10E-04,0.071128,0.045094,0.225655,6.40E-05,0.001423,0.022081,0.001731,NA,0.00336,8.22E-04,2.43E-04,4.73E-04,4.70E-05,1.45E-04,NA,1.70E-04,0.002483,3.54E-04,2.11E-04,NA,0.001483,2.22E-04,0.001296
44,HAB2-BA,5,High-fat diet supplemented with antibiotics,1.230825,0.017924,0.042261,0.370695,0.001118,0.001029,0.022323,0.645308,0.08957,0.281969,0.037032,0.118387,0.004151,3.50E-05,2.33E-04,5.96E-04,2.82E-04,2.69E-04,8.60E-05,0.067638,0.042192,0.171303,7.00E-05,5.69E-04,0.026897,0.001904,NA,0.003105,0.002074,2.33E-04,0.002221,7.80E-05,2.00E-04,NA,2.22E-04,0.00565,3.54E-04,4.54E-04,NA,0.001483,2.22E-04,8.28E-04
45,HAB3-BA,5,High-fat diet supplemented with antibiotics,1.456577,0.023549,0.052188,0.453085,7.13E-04,7.22E-04,0.029517,0.792733,0.08957,0.555983,0.035598,0.164653,0.004046,8.67E-04,1.92E-04,3.97E-04,1.40E-05,1.96E-04,1.09E-04,0.084164,0.055116,0.348373,2.95E-04,0.003191,0.04743,0.001319,NA,0.004624,0.001428,2.34E-04,0.00152,5.90E-05,1.13E-04,NA,3.43E-04,0.005813,3.54E-04,2.90E-04,NA,0.001483,2.22E-04,7.88E-04
46,HAB4-BA,5,High-fat diet supplemented with antibiotics,4.214092,0.060783,0.144041,1.408013,9.35E-04,0.001485,0.081893,1.469546,0.08957,0.939792,0.096902,0.552643,0.01336,0.001538,4.29E-04,6.78E-04,3.37E-04,2.46E-04,8.58E-04,0.058149,0.06005,0.443517,2.95E-04,0.009501,0.068921,0.116729,NA,0.003072,0.011964,0.002113,0.039121,5.90E-05,2.26E-04,NA,0.003503,0.068059,5.84E-04,2.04E-04,NA,0.001483,2.22E-04,0.001463
47,HAB5-BA,5,High-fat diet supplemented with antibiotics,0.286908,0.123389,0.093054,0.898569,2.01295,0.212703,0.395999,0.914125,0.08957,0.067742,0.520849,0.034522,0.010385,0.061408,4.28E-04,0.036153,0.022155,0.017421,9.50E-05,0.149711,0.013687,0.154571,0.001053,0.052631,0.011699,0.787525,NA,0.002311,0.002663,4.64E-04,0.003779,8.50E-05,0.00204,NA,3.21E-04,0.007519,7.50E-04,6.40E-05,NA,0.002654,2.22E-04,9.71E-04
48,HAB6-BA,5,High-fat diet supplemented with antibiotics,1.093606,0.008892,0.069916,1.321511,0.003457,6.64E-04,0.038107,0.89193,0.08957,0.138899,0.026159,0.178736,0.006437,5.12E-04,2.77E-04,3.27E-04,0.00381,1.34E-04,1.71E-04,0.050403,0.033867,0.29507,1.28E-04,0.005564,0.02552,0.002713,NA,0.002421,8.53E-04,2.09E-04,0.003305,3.80E-05,9.00E-05,NA,1.76E-04,0.006684,3.54E-04,2.12E-04,NA,3.11E-04,2.22E-04,7.85E-04
49,HAB7-BA,5,High-fat diet supplemented with antibiotics,2.127274,0.029051,0.074344,2.058318,0.002611,8.15E-04,0.054931,0.860119,0.08957,0.153351,0.027772,0.405972,0.004599,1.47E-04,2.68E-04,2.68E-04,2.60E-05,7.60E-05,1.34E-04,0.044921,0.054602,0.252434,2.95E-04,0.006535,0.039626,0.005922,NA,0.003054,0.0029,1.58E-04,0.005266,4.60E-05,9.50E-05,NA,2.65E-04,0.007995,4.30E-05,1.12E-04,NA,0.001483,2.22E-04,7.05E-04
50,D00-N001,0,Normal,0.018528393,0.007086881,0.019626596,0.158634576,0.132222725,0.012578781,0.020100733,0.497545844,0.005650099,0.023609423,0.004540315,9.23E-04,0.002330981,0.011041969,0.10415061,0.002247877,0.002878574,0.001348587,7.13E-04,0.040509275,0.001746622,0.054236357,9.96E-04,0.026472689,0.001267486,0.144328154,5.61E-04,7.26E-04,6.95E-04,3.02E-04,0.002344382,1.45E-05,3.38E-04,1.37E-04,1.15E-04,0.003076315,2.40E-04,3.46E-05,4.11E-05,6.25E-04,5.86E-05,3.39E-04
51,D00-N002,0,Normal,0.005683542,0.003957438,0.011539717,0.103180571,0.270558124,0.0088361,0.012778378,0.162638179,0.003015961,0.012070015,0.004540315,0.001075235,0.001967193,0.007344099,0.011709392,8.22E-04,0.002467441,7.24E-04,0.006625345,0.009954843,0.001737009,0.016504378,0.001796634,0.020066684,0.001515279,0.107015555,3.35E-04,0.001421486,4.89E-04,3.02E-04,0.001982729,6.32E-05,1.85E-04,1.64E-04,1.27E-04,2.26E-04,1.98E-04,3.73E-05,4.11E-05,2.79E-04,5.64E-05,2.22E-04
52,D00-N003,0,Normal,0.020646635,0.008305644,0.017915383,0.49917666,0.158066676,0.015211941,0.016323201,0.304605012,0.018594252,0.046803716,0.004540315,0.004997293,0.004422884,0.007985974,0.041418415,0.001034949,0.00187466,8.18E-04,0.008239094,0.005840763,0.002938317,0.042596674,9.39E-04,0.021227905,9.74E-04,0.147027175,3.35E-04,5.23E-04,5.38E-04,3.02E-04,0.004816962,8.29E-05,1.89E-04,1.37E-04,1.63E-04,0.001953902,3.11E-04,2.79E-05,4.04E-05,7.25E-04,6.17E-05,2.05E-04
53,D00-N004,0,Normal,0.003301356,0.003926649,0.006183787,0.096063585,0.196128867,0.022049984,0.011803774,0.210162465,0.004790601,0.011954538,0.004540315,0.001564747,8.18E-04,0.007882778,0.017513587,7.91E-04,0.00449845,0.001932161,0.00354659,0.006582931,0.001732849,0.024434866,0.001244833,0.024362808,0.002034762,0.125978595,5.68E-04,0.001421486,5.41E-04,3.02E-04,7.24E-04,3.78E-05,1.85E-04,1.68E-04,9.35E-05,2.83E-05,2.31E-04,2.98E-05,4.17E-05,4.66E-04,6.83E-05,2.37E-04
54,D00-N005,0,Normal,0.003888371,0.005165991,0.009095507,0.037565737,0.232965523,0.018720875,0.014217618,0.621686153,0.013466596,0.023609423,0.005165991,0.001402203,8.74E-04,0.008930728,0.117888895,0.002559953,0.004933166,0.00211084,0.00478096,0.002973651,0.001727509,0.028949242,0.002478155,0.04418415,6.39E-04,0.136735821,6.61E-05,0.001421486,4.19E-04,3.02E-04,3.17E-04,3.57E-05,9.75E-05,9.91E-05,3.76E-05,6.77E-04,1.78E-04,2.16E-05,4.11E-05,1.14E-04,3.81E-05,2.88E-04
55,Dp5-N001,0,Normal,0.003827348,7.41E-04,0.011742334,0.100313012,0.142920452,0.017734145,0.015905006,0.369511822,0.006878036,0.005864692,0.004053733,0.004786922,0.003697165,0.005409808,0.073615202,0.003036622,0.002701611,0.001353869,0.00288696,8.70E-04,0.003965347,0.03044855,0.001927187,0.012820995,6.32E-04,0.065218515,1.81E-04,6.26E-04,0.001031536,2.63E-04,0.002031578,3.65E-05,7.95E-04,1.40E-04,6.24E-05,0.003008194,3.20E-04,1.42E-04,4.39E-05,0.001203338,7.48E-05,2.49E-04
56,Dp5-N002,0,Normal,0.023143103,0.004611933,0.009512073,0.082560166,0.051469174,0.013301684,0.010574711,0.359352088,0.006273635,0.005864692,0.004823833,0.00343995,0.003284384,0.009219827,0.144238473,0.002626408,0.00418185,0.001152605,0.00288696,0.005684435,0.003995966,0.034010488,0.001056688,0.019885348,0.001209705,0.104883408,3.80E-04,9.74E-04,6.00E-04,2.63E-04,0.001326681,2.23E-05,4.83E-04,1.28E-04,6.10E-05,0.003149833,2.47E-04,2.60E-05,4.39E-05,0.001290887,2.58E-05,2.19E-04
57,Dp5-N003,0,Normal,0.014808728,0.001708145,0.001961266,0.037296877,0.019582619,0.008865935,0.008922079,0.117920556,0.002466408,0.004445055,0.004613933,0.001445315,0.001956702,0.007511216,0.010524431,9.07E-04,0.001215951,6.65E-04,0.002953167,0.010979464,0.001664117,0.017557341,9.75E-04,0.023984734,2.57E-04,0.053808587,2.86E-04,8.00E-04,3.12E-04,2.63E-04,6.57E-04,2.30E-05,5.05E-04,1.24E-04,1.00E-04,9.47E-04,1.82E-04,2.12E-05,3.96E-05,2.47E-04,5.10E-05,2.08E-04
58,Dp5-N004,0,Normal,0.006904174,0.001250945,0.001618504,0.042488995,0.0905797,0.005824899,0.0021761,0.0821959,0.002603392,0.004379697,0.004325033,8.63E-04,0.002630344,0.006741361,0.004978565,5.63E-04,0.00239766,4.33E-04,0.001355188,0.00576349,0.004377523,0.018755987,0.002763899,0.012026025,2.93E-04,0.081716374,2.86E-04,8.00E-04,1.62E-04,2.63E-04,2.49E-04,1.19E-04,5.05E-04,1.24E-04,2.37E-04,0.008422927,4.82E-04,2.76E-05,4.64E-05,2.68E-04,4.87E-05,2.29E-04
59,Dp5-N005,0,Normal,0.009053719,0.003116661,0.003654759,0.049064973,0.119656135,0.017662358,0.009179561,0.128945348,0.002708304,0.006018742,0.004779933,0.001954803,0.001039678,0.012549654,0.016177659,0.002484667,0.006751356,0.002467107,0.006766735,0.004749436,0.001856536,0.014738759,7.74E-04,0.020646172,0.001560101,0.115459638,2.86E-04,8.00E-04,9.37E-04,2.63E-04,5.79E-04,3.92E-05,5.05E-04,3.24E-04,1.30E-04,0.001393711,2.64E-04,2.66E-05,4.59E-05,3.12E-04,5.55E-05,2.40E-04
60,Dp5-H001,1,High-fat diet,0.106844525,0.012676117,0.028919422,0.175258833,0.516181502,0.016855712,0.027763258,0.662702898,0.018118951,0.001906024,0.013425117,0.005419207,0.002147937,0.00609806,0.103711861,0.001046384,7.55E-04,8.36E-04,0.003621668,8.19E-04,0.004542649,0.033322265,0.001949228,0.006531966,0.002482189,0.050596879,2.88E-04,4.58E-04,0.0018984,4.86E-04,0.00448379,1.68E-04,0.001079232,NA,2.26E-04,0.004244914,5.34E-04,1.15E-04,9.16E-06,0.001078658,4.76E-05,3.42E-04
61,Dp5-H002,1,High-fat diet,0.02028309,0.006530323,0.003911757,0.044668049,0.186021372,0.019681665,0.012066242,0.080634205,0.003367542,0.004813162,0.012923117,0.001801994,2.95E-04,0.004307541,0.007018324,8.24E-04,0.001262988,0.001226474,0.002211366,5.14E-04,0.001313614,0.007996748,6.84E-04,0.004740701,3.43E-04,0.040510968,2.45E-04,3.14E-04,0.003354314,4.25E-04,0.005103154,1.17E-04,7.45E-04,NA,1.28E-04,0.002126245,2.37E-04,2.28E-05,4.56E-05,3.32E-04,5.43E-05,2.08E-04
62,Dp5-H003,1,High-fat diet,0.038808517,0.010758577,0.003820207,0.074312,0.30555469,0.019462854,0.010559145,0.108311434,0.00388592,0.008399669,0.022584117,0.002302253,7.50E-04,0.005132886,0.01173807,5.72E-04,0.001355617,6.92E-04,0.003444367,4.59E-04,0.002639935,0.00892105,7.61E-04,0.006816534,4.36E-04,0.059339001,2.45E-04,3.14E-04,0.009674998,4.73E-04,0.022041166,1.21E-04,0.001518433,NA,4.91E-04,0.008487128,9.26E-04,3.23E-05,6.24E-05,5.99E-04,8.16E-05,2.55E-04
63,Dp5-H004,1,High-fat diet,0.089202114,0.007068609,0.001600284,0.028633158,0.208672316,0.01877505,0.011353177,0.078120132,0.001569657,0.003233481,0.012812117,9.38E-04,1.96E-04,0.006177503,0.00937956,5.21E-04,0.001793376,9.94E-04,0.004698735,8.00E-04,0.001188114,0.006161802,7.87E-04,0.006361084,2.08E-04,0.051279461,2.45E-04,3.14E-04,0.001607012,3.17E-04,0.007873472,5.93E-05,1.42E-04,NA,4.33E-04,0.00345352,3.55E-04,4.92E-05,8.12E-05,3.54E-04,6.70E-05,2.55E-04
64,Dp5-H005,1,High-fat diet,0.066900251,0.003209511,0.001004677,0.036345824,0.08724235,0.013003873,0.006241228,0.087673884,0.002946101,0.003687856,0.013476117,0.002465123,3.68E-04,0.005962145,0.009206778,5.37E-04,0.003078262,0.001000356,0.004132203,0.001892869,0.001351236,0.01003357,5.41E-04,0.009087634,3.93E-04,0.071283157,2.79E-04,3.14E-04,0.012883837,4.25E-04,0.005419018,2.50E-04,2.23E-04,NA,1.80E-04,0.001049664,3.47E-04,2.62E-05,6.48E-05,3.40E-04,6.75E-05,2.36E-04
65,D01-N001,0,Normal,0.010598521,0.004910307,0.007470167,0.102676637,0.16941447,0.00852059,0.008843131,0.249071857,0.00441191,0.005985639,NA,0.001404863,0.002417523,0.006899142,0.060214032,0.001282147,0.003304243,7.71E-04,4.01E-04,0.006791785,0.002833906,0.028421964,0.001074663,0.010064854,0.001007845,0.05048191,8.30E-04,3.50E-04,5.11E-04,2.94E-04,7.76E-04,1.72E-05,1.22E-04,1.36E-04,5.54E-05,5.92E-04,2.27E-04,2.73E-05,4.13E-05,1.60E-04,3.47E-05,2.22E-04
66,D01-N002,0,Normal,0.109391927,0.005423579,0.03773763,0.198436607,0.076160071,0.010489671,0.014229487,0.884639309,0.004711546,0.003232879,NA,0.023437134,0.014201066,0.008466717,0.021781619,0.003068829,0.002152713,6.02E-04,0.003898547,0.008166025,0.011069176,0.115143666,0.001290017,0.010585171,0.006960551,0.104093108,7.26E-04,0.002219342,4.88E-04,2.94E-04,0.001318494,1.20E-05,1.14E-04,1.03E-04,4.19E-05,0.001612332,1.87E-04,2.20E-05,4.13E-05,6.66E-04,2.52E-05,4.14E-04
67,D01-N003,0,Normal,0.006719688,0.002852926,0.005594445,0.061791178,0.027865358,0.014679815,0.00573245,0.168709029,0.00319814,0.008268652,NA,0.001974808,0.002250593,0.010655105,0.016923064,0.001180572,0.004758548,0.00117159,0.0030372,0.002874904,0.00211729,0.028746302,0.00134687,0.025675829,0.014741076,0.110452471,9.43E-04,0.001006881,5.53E-04,3.20E-04,0.002355563,1.63E-04,1.56E-04,1.70E-04,1.78E-04,7.13E-04,2.26E-04,2.68E-05,4.08E-05,2.79E-04,5.36E-05,2.39E-04
68,D01-N004,0,Normal,0.003152842,0.002340575,0.001168238,0.059003103,0.077864192,0.009498923,0.002514818,0.07767577,0.003821145,0.005121824,NA,6.16E-04,0.001391393,0.006588946,0.005410227,7.76E-04,0.004289909,0.001076574,0.005689807,0.012594484,0.00204659,0.025633291,8.21E-04,0.021151033,0.015858461,0.10718019,8.30E-04,0.001006881,2.38E-04,2.68E-04,3.07E-04,4.35E-05,1.56E-04,1.36E-04,8.56E-05,7.64E-04,1.91E-04,2.87E-05,4.13E-05,2.67E-04,4.00E-05,2.12E-04
69,D01-N005,0,Normal,0.005335162,0.002452291,0.012575663,0.070595227,0.284317784,0.018004335,0.006615351,0.163757844,0.008126507,0.007319202,NA,0.005727086,0.002249282,0.00545972,0.018101767,0.001238341,0.004614137,0.001858657,0.00646577,0.007755688,0.001557987,0.027574843,9.59E-04,0.024712486,0.019268568,0.14058954,8.30E-04,0.001006881,2.91E-04,2.94E-04,0.004629692,1.15E-04,1.56E-04,1.36E-04,1.07E-04,0.001560459,2.52E-04,2.42E-05,4.17E-05,3.16E-04,5.29E-05,2.37E-04
70,D01-H001,1,High-fat diet,0.649831317,0.029734973,0.085470829,0.493104429,0.607135269,0.017698275,0.025532504,0.865884123,0.044196972,0.004017,0.029734973,0.024495968,0.010641262,0.008311294,0.152021568,8.03E-04,7.99E-04,4.59E-04,0.003063926,8.17E-04,0.018878865,0.09659928,0.001094481,0.008485207,1.88E-04,0.045164847,2.35E-04,0.001344955,0.003655661,6.66E-04,0.009676538,1.51E-05,0.001041686,1.11E-04,2.27E-04,0.004642305,2.57E-04,4.67E-04,6.91E-05,9.58E-04,5.45E-05,2.99E-04
71,D01-H002,1,High-fat diet,0.023310912,0.008632886,0.013313203,0.078757539,0.349854604,0.024575984,0.020815174,0.498361372,0.01377119,0.008181009,0.029734973,0.00314913,0.001268006,0.004262376,0.130508642,0.002106916,0.001777795,0.00119994,0.003063926,0.001102947,0.001642,0.013144396,0.0010503,0.008425962,1.71E-04,0.071916602,2.82E-04,0.001344955,0.001455399,3.79E-04,0.004495845,1.61E-05,4.49E-04,2.13E-04,8.17E-05,0.003033529,2.55E-04,4.50E-04,5.61E-05,0.001400795,3.87E-05,2.37E-04
72,D01-H003,1,High-fat diet,0.117758883,0.01864242,0.024500225,0.196848382,0.500577832,0.02749633,0.019082174,0.275851026,0.012932875,0.021049803,0.029734973,0.010092952,0.001407791,0.006227055,0.019366096,7.22E-04,0.001571955,0.001061641,0.002539342,8.17E-04,0.004402232,0.033652853,9.82E-04,0.007883427,1.53E-04,0.071002614,2.54E-04,0.001344955,0.001000645,3.31E-04,0.002865187,1.72E-04,2.24E-04,1.62E-04,2.38E-04,9.94E-04,3.90E-04,1.30E-04,4.19E-05,8.07E-04,8.92E-05,2.52E-04
73,D01-H004,1,High-fat diet,0.005956064,0.00288581,0.002484662,0.03899917,0.102321146,0.018360263,0.001097834,0.112572906,0.003190531,0.003968898,0.029734973,0.008576618,7.87E-04,0.004173566,0.125255075,0.00106114,0.001283513,7.49E-04,0.003383866,8.98E-04,0.001161525,0.007655194,7.74E-04,0.00506835,6.13E-05,0.024782366,2.82E-04,0.001344955,0.001905377,3.99E-04,0.004303043,4.17E-04,7.11E-04,3.67E-04,2.36E-04,6.59E-04,2.77E-04,4.39E-05,5.74E-05,4.77E-04,6.44E-05,2.66E-04
74,D01-H005,1,High-fat diet,0.401207503,0.020226738,0.038990955,0.243469211,0.505868922,0.012660985,0.015403007,0.425359384,0.038405803,0.002901454,0.020226738,0.026944862,0.003289846,0.004897404,0.161290016,0.001426923,2.20E-04,6.04E-04,0.003229526,0.002328241,6.16E-04,0.041115348,3.92E-04,0.005166789,7.82E-04,0.021421965,1.46E-04,5.46E-05,0.005507506,3.85E-04,0.011231467,1.96E-05,0.001693995,1.15E-04,3.76E-04,0.004570378,3.66E-04,1.98E-04,5.50E-05,3.98E-04,3.68E-05,2.11E-04
75,D02-N001,0,Normal,0.010803792,0.008141783,0.021296704,0.125583685,0.336457732,0.008505434,0.038980847,0.546703042,0.002535324,0.013972304,NA,0.003794167,0.008172352,0.007995507,0.0868185,0.00226078,0.001096689,8.23E-04,5.87E-04,0.003364438,0.016855388,0.033872839,9.06E-04,0.008532762,0.001261696,0.059234845,2.93E-04,5.45E-04,4.18E-04,3.33E-04,6.70E-04,1.82E-05,1.21E-04,1.72E-04,4.33E-05,0.001632572,1.80E-04,2.81E-05,7.63E-05,7.33E-04,3.21E-05,2.90E-04
76,D02-N002,0,Normal,0.228084524,0.008866566,0.050813513,0.268658453,0.123644868,0.016561514,0.042663077,0.894468462,0.010553578,0.004947273,NA,0.007385193,0.010537614,0.017628607,0.294968674,0.002729181,0.001821152,0.001653003,0.002169998,0.004403712,0.020644901,0.139955202,9.38E-04,0.028701439,5.75E-04,0.175970394,2.93E-04,0.004143719,0.001337931,3.33E-04,0.003406611,1.81E-05,3.66E-04,1.87E-04,5.38E-05,0.0029313,2.26E-04,3.45E-05,7.63E-05,1.85E-04,4.59E-05,3.40E-04
77,D02-N003,0,Normal,0.115161967,0.005618485,0.017451322,0.317118096,0.072242079,0.01387686,0.015833753,0.239846553,0.00570619,0.032882913,NA,0.008173405,0.010866639,0.015255795,0.022536384,0.001463704,0.004415681,0.001328599,0.009039019,0.004403712,0.022950299,0.098778316,9.49E-04,0.027997974,0.010926625,0.161304733,4.09E-04,3.23E-04,4.09E-04,3.31E-04,0.002943878,2.23E-04,2.26E-04,1.72E-04,2.61E-04,4.33E-04,3.14E-04,2.34E-04,4.98E-05,3.66E-04,6.30E-05,2.69E-04
78,D02-N004,0,Normal,0.006735195,0.003873262,0.002204381,0.089903012,0.060135046,0.014114979,0.007944893,0.179438824,0.005881192,0.009206672,NA,9.33E-04,0.002929388,0.011462843,0.015922705,0.001976577,0.005724272,0.001978974,0.00830094,0.006188125,0.002287519,0.241878059,7.50E-04,0.023099781,0.00277174,0.134092417,2.93E-04,0.001712743,3.98E-04,3.33E-04,0.002502448,2.93E-05,2.26E-04,1.71E-04,9.59E-05,4.89E-04,2.01E-04,2.71E-05,1.29E-04,3.63E-04,5.62E-05,2.31E-04
79,D02-N005,0,Normal,0.008108374,0.002717793,0.002868696,0.084384306,0.060249519,0.010508778,0.005188233,0.135521855,0.00758401,0.008852359,NA,0.001632941,0.005226655,0.006955966,0.015995865,0.001112107,0.00474373,0.001125613,0.002898367,0.003658574,0.002636319,0.028044967,8.65E-04,0.018510058,0.004231906,0.132670281,2.93E-04,0.001712743,2.16E-04,3.36E-04,5.57E-04,4.84E-05,2.26E-04,2.04E-04,1.12E-04,0.001412736,2.47E-04,2.51E-05,5.05E-05,3.74E-04,6.34E-05,2.76E-04
80,D02-H002,1,High-fat diet,0.033998628,0.005059183,0.012088921,0.136042573,0.229970462,0.010948061,0.012725811,0.201695153,0.005708583,0.001942968,0.020226738,0.00494946,0.002433709,0.004719931,0.052384291,0.001177579,8.95E-04,6.68E-04,0.003229526,0.002328241,0.00214777,0.010742444,4.17E-04,0.003716158,3.57E-04,0.035027339,5.66E-04,1.83E-04,0.002249054,4.03E-04,0.006036792,3.40E-05,1.63E-04,1.61E-04,1.76E-04,0.001698189,2.78E-04,3.77E-05,5.50E-05,3.27E-04,3.54E-05,1.75E-04
81,D02-H003,1,High-fat diet,0.02023014,0.005181309,0.005106776,0.037329637,0.202644399,0.022805962,0.025555895,0.184618923,0.004626013,0.005074743,0.020226738,0.003736127,0.002461067,0.005460376,0.020130471,0.00160494,0.001480883,0.001815654,0.00391203,0.001669859,0.001796127,0.009962168,1.16E-04,0.002994406,0.001825199,0.047581347,3.26E-04,1.19E-04,0.00184345,2.87E-04,0.00437128,9.38E-05,9.29E-04,1.61E-04,1.61E-04,4.30E-04,2.44E-04,2.45E-05,4.46E-05,4.14E-04,7.61E-05,2.48E-04
82,D02-H004,1,High-fat diet,0.022999644,0.005481498,0.010276491,0.111467046,0.164543909,0.012904365,0.024778716,0.22502095,0.005465959,0.013921268,0.020226738,0.004356577,0.002999631,0.004902164,0.013053881,0.001163024,0.001388854,0.001028597,0.001620142,0.002328241,0.001631961,0.015378818,2.83E-04,0.002743066,0.001190222,0.041314416,3.26E-04,1.19E-04,0.002190839,3.34E-04,0.003609365,3.87E-04,9.29E-04,1.87E-04,1.18E-04,0.001218701,2.25E-04,2.52E-05,6.27E-05,3.07E-04,7.30E-05,2.66E-04
83,D02-H005,1,High-fat diet,0.148052383,0.006362302,0.008702606,0.232050637,0.19898136,0.016833011,0.019733431,0.240117263,0.021901694,0.026559448,0.020226738,0.013547987,0.004244001,0.005052235,0.032110957,0.001076288,7.02E-04,0.001401036,0.001455079,0.002986622,0.005400911,0.004465761,5.80E-04,0.010045229,3.53E-04,0.030815805,3.81E-04,1.19E-04,0.001469226,3.09E-04,0.003945021,1.29E-04,9.29E-04,1.81E-04,1.55E-04,3.93E-04,3.06E-04,3.59E-05,5.77E-05,4.39E-04,6.12E-05,2.63E-04
84,D03-N001,0,Normal,0.004812306,0.002718108,0.003421985,0.072482911,0.061924699,0.006066388,0.005233088,0.258267367,0.004484466,0.007595655,0.002718108,0.001860559,0.002333808,0.005849086,0.033460977,8.95E-04,0.004149438,6.45E-04,0.00558609,0.012562234,0.001321049,0.023997677,7.50E-04,0.022911857,0.003467594,0.05767171,2.33E-04,4.98E-04,5.94E-04,3.43E-04,0.00287027,1.77E-05,1.31E-04,1.25E-04,8.75E-05,0.00154216,2.24E-04,3.94E-05,4.98E-05,1.90E-04,2.94E-05,2.10E-04
85,D03-N002,0,Normal,0.005560414,0.00354637,0.002946158,0.071078314,0.136162847,0.007934011,0.003550335,0.369644319,5.76E-04,0.007595655,0.00354637,0.001220325,0.002501544,0.009668784,0.090809382,0.002887965,0.008568711,0.002052444,0.00558609,0.015176011,0.00229478,0.039044317,5.27E-04,0.028180769,4.42E-04,0.099675613,3.31E-04,8.16E-04,6.04E-04,3.43E-04,0.001218673,9.29E-05,2.05E-04,1.21E-04,5.56E-05,0.001405533,2.57E-04,2.48E-05,4.98E-05,1.96E-04,2.76E-05,2.21E-04
86,D03-N003,0,Normal,0.041411562,0.004922164,0.007672537,0.104927791,0.02441428,0.018063826,0.011603165,0.273064951,0.009678431,0.015158087,0.002689125,0.003358562,0.007828063,0.013136328,0.034265377,0.002018731,0.010425908,0.002356772,0.012007048,0.015868722,0.011405652,0.072939876,9.04E-04,0.039585794,0.006901617,0.187704066,2.82E-04,4.98E-04,5.60E-04,3.43E-04,2.95E-04,8.31E-05,1.65E-04,1.23E-04,9.55E-05,0.00117837,2.14E-04,2.48E-05,4.36E-05,2.93E-04,6.85E-05,2.65E-04
87,D03-N004,0,Normal,0.002497686,0.001639582,0.007565561,0.033088036,0.113266878,0.006600425,0.002211922,0.129069334,0.001374254,0.003020479,0.002689125,0.001860559,0.002093122,0.007053174,0.016157696,9.87E-04,0.006785631,0.001581106,4.11E-04,0.014611936,0.001845333,0.030751351,5.64E-04,0.031252472,0.003059598,0.113323977,2.82E-04,4.98E-04,1.51E-04,3.43E-04,5.25E-04,5.48E-05,1.65E-04,1.23E-04,9.42E-05,0.00117837,1.87E-04,2.42E-05,5.60E-05,2.26E-04,4.12E-05,2.14E-04
88,D03-H001,1,High-fat diet,0.030442063,0.013533618,0.028966932,0.238486468,0.46599547,0.033500167,0.030206043,0.547952859,0.018840757,0.031847482,0.013533618,0.006262567,0.007224475,0.005221918,0.141337899,0.001761583,9.84E-04,0.001635102,0.006565564,0.001702693,5.54E-04,0.02161802,0.001576046,0.003844242,0.002264029,0.038226186,2.12E-04,NA,0.003359375,3.93E-04,0.011791075,3.28E-05,9.41E-04,1.61E-04,6.55E-04,0.007195392,3.41E-04,4.87E-05,4.55E-05,5.47E-04,4.57E-05,2.55E-04
89,D03-H002,1,High-fat diet,0.17475448,0.020559932,0.041026352,0.423145655,0.533385546,0.014242111,0.037532318,0.769900511,0.033736998,0.031847482,0.013533618,0.00911179,0.008216408,0.009037016,0.269124523,7.11E-04,1.80E-04,4.69E-04,0.006565564,0.001749104,0.005184533,0.046488954,0.001637149,0.005545308,0.00405129,0.047478238,2.46E-04,NA,0.002163971,4.80E-04,0.008401644,4.66E-05,0.00104365,1.24E-04,5.06E-04,0.003486885,4.07E-04,3.18E-05,4.55E-05,9.43E-04,4.44E-05,3.27E-04
90,D03-H003,1,High-fat diet,0.013921035,0.009124571,0.015078139,0.192769828,0.410888814,0.033292037,0.035121229,0.405344379,0.017079305,0.023232097,0.013533618,0.002246096,0.004752895,0.013623054,0.045272279,0.001074453,0.002680113,0.002260012,0.007788654,0.003488058,0.001211139,0.022692978,0.001599166,0.010780301,0.002281368,0.114468065,3.42E-04,NA,0.003047322,2.84E-04,0.004516534,2.87E-04,3.29E-04,1.67E-04,3.09E-04,0.003341893,3.45E-04,3.45E-05,4.04E-05,6.65E-04,1.05E-04,2.82E-04
91,D03-H004,1,High-fat diet,0.204679694,0.01870977,0.034350806,0.371465398,0.421712511,0.022588438,0.037402974,0.485760774,0.023362999,0.049968146,0.013533618,0.01083648,0.008334642,0.008203614,0.053018125,0.001060537,5.31E-04,0.001428914,0.007299091,0.001749104,0.006072429,0.062415929,0.001557193,0.008024448,0.002075923,0.087904297,1.84E-04,NA,8.99E-04,3.86E-04,0.00504769,1.31E-04,7.71E-04,1.61E-04,1.60E-04,9.45E-04,2.15E-04,3.45E-05,4.89E-05,7.94E-04,7.87E-05,2.54E-04
92,D03-H005,1,High-fat diet,0.015594228,0.005441392,0.022781527,0.136787487,0.182850213,0.017481657,0.015372052,0.364978101,0.007422115,0.013592347,0.013533618,0.017874991,0.003813082,0.009102093,0.026122752,0.001030904,0.002168801,0.00128591,0.005151299,0.001124666,0.002437576,0.019396396,0.001163333,0.007641333,5.62E-04,0.080043484,2.46E-04,NA,0.001377177,3.86E-04,0.003502721,2.44E-05,7.71E-04,1.96E-04,2.67E-04,3.18E-04,2.57E-04,2.30E-05,4.73E-05,4.13E-04,6.70E-05,2.76E-04
93,D06-N001,0,Normal,0.107280174,0.002914743,0.011770324,0.178844524,0.038575238,0.004931358,0.015820904,0.346234418,0.016079166,0.001693898,0.002914743,0.005666121,0.00867834,0.008205413,0.046846381,0.00127572,7.82E-04,3.40E-04,0.005141385,0.001733754,0.009603468,0.055584507,9.52E-04,0.017425197,5.94E-04,0.049356734,1.01E-04,0.001607621,8.80E-04,4.29E-04,0.002324329,4.28E-05,2.32E-04,1.33E-04,1.81E-04,2.61E-04,2.33E-04,4.50E-05,7.76E-06,4.92E-04,2.92E-05,2.32E-04
94,D06-N002,0,Normal,0.006578949,0.003211295,0.001723123,0.04463148,0.238847401,0.004613742,0.002720515,0.172399142,0.009980985,0.00687013,0.002914743,0.003825311,0.001208418,0.005913402,0.058310319,0.001765987,0.003381524,7.76E-04,4.72E-04,0.005630635,0.001643078,0.01530164,8.82E-04,0.014556316,0.001754152,0.066632707,1.43E-04,3.18E-04,5.83E-04,3.70E-04,0.001687976,1.33E-05,1.09E-04,1.09E-04,9.60E-05,7.60E-04,2.21E-04,2.44E-05,5.59E-05,1.37E-04,2.51E-05,1.64E-04
95,D06-N003,0,Normal,0.008869565,0.006892284,0.008684523,0.116251746,0.234922203,0.0214426,0.018948879,0.541933243,0.0047877,0.00687013,0.002914743,0.003825311,0.005716158,0.015224144,0.138582789,0.005149678,0.003645436,0.002920929,0.005141385,0.01446382,0.001839727,0.019071597,6.53E-04,0.012424326,0.009482806,0.056104091,5.86E-05,4.05E-04,5.37E-04,6.24E-04,0.001824647,3.00E-05,1.53E-04,2.35E-04,1.48E-04,6.76E-04,3.04E-04,1.01E-04,1.32E-04,0.001359331,4.07E-05,6.12E-04
96,D06-N004,0,Normal,0.019401612,0.006422691,0.007770855,0.125725351,0.056223823,0.018824408,0.029639176,0.2183383,0.012129129,0.015996522,0.002914743,0.001984501,0.007226921,0.013527205,0.028272649,0.002150578,0.003990245,0.002022119,0.01265051,0.001910825,0.003461146,0.01995288,0.001396865,0.024912461,0.001462752,0.196952401,1.01E-04,7.77E-04,5.40E-04,2.58E-04,0.002479956,3.58E-05,2.74E-04,1.65E-04,8.74E-05,1.18E-04,1.85E-04,1.91E-05,3.38E-05,4.80E-04,5.83E-06,2.27E-04
97,D06-N005,0,Normal,0.003833531,0.002051491,0.007487206,0.058715144,0.513985382,0.007238969,0.006106848,0.182064021,0.008843165,0.005920429,0.002914743,0.003825311,0.006366898,0.008722323,0.015245335,0.001611081,0.004443297,0.001092504,7.82E-04,0.006080773,0.003251537,0.027279772,0.001594125,0.018248751,0.001024169,0.12142721,1.01E-04,7.77E-04,1.99E-04,3.97E-04,0.002170335,6.07E-04,1.92E-04,1.65E-04,1.25E-04,0.001040487,2.27E-04,2.35E-05,4.98E-05,2.61E-04,4.22E-05,2.21E-04
98,D06-H001,1,High-fat diet,0.030660352,0.00959191,0.022455836,0.101024915,0.368034335,0.023037198,0.032738003,0.636710223,0.001475795,0.001528237,0.00959191,0.003821365,0.001650388,0.006157617,0.14815387,0.005825875,0.001767563,0.002232705,8.27E-04,0.003865595,0.001563416,0.024168293,2.52E-04,0.004911066,1.71E-04,0.081186383,9.54E-05,8.53E-04,8.97E-04,3.09E-04,0.002293942,1.37E-04,5.59E-04,1.23E-04,4.81E-05,0.009354427,2.21E-04,3.54E-04,1.15E-04,6.68E-04,3.64E-04,2.70E-04
99,D06-H002,1,High-fat diet,0.033657044,0.010693915,0.018626594,0.176165445,0.375715453,0.029457869,0.051744114,0.357986687,0.012753469,0.01935336,0.019200214,0.003758922,0.002901805,0.007958313,0.033814047,0.002664423,0.002126636,0.002472877,0.005013142,0.001039638,0.002037987,0.021909638,2.99E-04,0.004363383,0.002075827,0.066008583,3.24E-04,8.53E-04,0.001557118,3.09E-04,0.004925008,4.28E-05,7.77E-04,9.79E-05,3.65E-04,0.001266428,3.25E-04,1.79E-04,5.28E-05,0.001170073,7.04E-05,2.75E-04
100,D06-H003,1,High-fat diet,0.118991226,0.012501922,0.054429846,0.365033602,0.565178904,0.031899736,0.051777068,0.755603774,0.019538004,0.045976997,0.019200214,0.030348708,0.010668328,0.01074402,0.065016515,0.002680088,0.001651417,0.002787379,0.00654687,0.009048538,0.006999996,0.105786143,2.72E-04,0.005735469,0.001551023,0.102523344,3.24E-04,8.53E-04,0.001305244,3.09E-04,0.004249809,5.45E-05,8.09E-05,1.55E-04,2.60E-04,0.004808705,2.18E-04,2.22E-04,2.06E-04,0.001815235,7.91E-05,2.71E-04
101,D06-H004,1,High-fat diet,0.068332517,0.011862207,0.125128621,0.801103542,1.288964359,0.048163123,0.237378971,1.739484981,0.021027817,0.012601746,0.019200214,0.032362324,0.017612754,0.00766051,0.079680697,0.007233617,0.002313463,0.005314121,0.006802795,0.017391678,0.008895765,0.106934433,1.54E-04,0.007372983,0.001296053,0.326207005,5.00E-05,5.46E-04,5.09E-04,3.09E-04,0.002785798,4.62E-05,5.50E-04,6.23E-05,1.35E-04,0.002915998,5.53E-04,1.14E-04,1.53E-04,0.001285047,2.00E-04,0.002301619
102,D06-H005,1,High-fat diet,0.044245875,0.01466108,0.028302139,0.153535348,0.46060242,0.029861147,0.0767472,0.679323008,0.011506678,0.017912097,0.019200214,0.004254175,0.004227647,0.007938394,0.071738358,0.003210524,7.18E-04,0.003163477,0.007700925,0.003977121,0.002174031,0.027364906,1.99E-04,0.002313899,5.93E-04,0.065590673,3.24E-04,8.53E-04,4.19E-04,3.09E-04,0.0013545,9.71E-05,6.30E-04,9.79E-05,8.43E-05,0.003319574,2.04E-04,2.44E-05,4.97E-05,9.13E-04,1.03E-04,3.11E-04
103,D10-N001,0,Normal,0.02739028,0.019250042,0.05082886,0.304529695,0.52415052,0.029735823,0.103555495,0.771560541,0.014425871,8.90E-04,NA,0.013120401,0.0060568,0.016619375,0.144873666,0.014907412,0.002441634,0.003637502,0.001775398,0.019371593,0.002852281,0.03692174,3.14E-04,0.01957382,9.58E-04,0.167512788,5.72E-04,2.74E-04,0.001801602,4.75E-04,0.008613604,2.02E-04,0.005133161,2.58E-04,1.23E-04,0.012827816,4.55E-04,3.06E-05,4.05E-05,0.001379515,1.21E-04,3.14E-04
104,D10-N002,0,Normal,0.067500524,0.015194914,0.042669409,0.170947582,0.180918927,0.045744927,0.069169678,0.860225653,0.015321699,0.001612683,NA,0.009612968,0.004058201,0.016947431,0.242724499,0.018379544,0.00364079,0.004367359,8.47E-04,0.018356823,0.004890496,0.05288033,4.66E-04,0.016662098,0.002554749,0.153759063,3.44E-04,0.001106864,0.002250223,4.07E-04,0.00169471,5.47E-05,0.001281974,2.22E-04,2.18E-04,0.0036482,2.01E-04,3.22E-05,4.05E-05,0.002511947,1.96E-04,3.21E-04
105,D10-N003,0,Normal,0.019714082,0.009250709,0.022467059,0.13350068,0.178435766,0.028664249,0.067301921,0.305434512,0.00848097,0.016464614,NA,0.009984668,0.006265547,0.013818657,0.023917353,0.006263235,0.003057686,0.003127048,0.006668635,0.012962996,0.00253098,0.032277367,2.58E-04,0.007135954,8.83E-04,0.091943312,1.92E-04,6.90E-04,7.54E-04,3.75E-04,3.61E-04,2.55E-05,0.001528954,2.22E-04,7.66E-05,0.004742348,1.84E-04,2.61E-05,3.42E-05,3.76E-04,6.54E-05,2.40E-04
106,D10-N004,0,Normal,0.011328248,0.007262118,0.008383489,0.051878995,0.316238836,0.029735251,0.02054176,0.228426353,0.00805367,0.005373714,NA,0.001655682,7.10E-04,0.01780533,0.020652313,0.005224619,0.005383869,0.003582547,0.006385913,0.001160573,0.001716218,0.038154198,2.20E-04,0.027421742,0.001622285,0.269651487,2.82E-04,6.90E-04,0.001487455,2.43E-04,0.001649302,4.43E-04,8.70E-04,2.22E-04,2.30E-04,0.00512022,2.30E-04,1.80E-05,5.01E-05,3.50E-04,5.63E-05,2.22E-04
107,D10-N005,0,Normal,0.009484348,0.008834829,0.007158424,0.037044828,1.12E-04,0.045231069,0.04932236,0.216217957,0.0044303,0.004839373,NA,0.001826029,9.51E-04,0.017332851,0.023550193,0.008194627,0.00542475,0.00515209,0.004672462,0.012962996,0.001294841,0.01497554,2.56E-04,0.020389174,0.001368913,0.18526314,3.29E-04,6.90E-04,3.60E-04,3.75E-04,3.72E-04,2.30E-04,1.50E-04,2.22E-04,6.90E-05,9.23E-04,1.65E-04,2.34E-05,3.71E-05,0.001569678,1.33E-04,1.92E-04
108,D10-H001,1,High-fat diet,0.530722147,0.014485159,0.122786431,1.58301573,1.207989538,0.030688645,0.151729924,1.291722061,0.064568276,0.005777614,0.067614915,0.090003331,0.027764934,0.015978573,0.041491494,0.003044888,9.84E-04,0.00243465,0.02904502,0.003921267,0.027638032,0.251426152,0.001800787,0.017733034,0.001029406,0.149733871,2.52E-04,0.004332071,0.004762775,3.20E-04,0.033679244,5.32E-04,0.005547377,8.03E-05,5.11E-04,0.032606357,5.35E-04,0.001788422,5.58E-05,0.002930998,1.64E-04,0.001510645
109,D10-H002,1,High-fat diet,0.481232238,0.014485159,0.159795443,1.127970191,1.201709122,0.024186756,0.170695273,1.013701352,0.025417256,0.006951847,0.033532328,0.066824322,0.028662696,0.010758891,0.041491494,0.003493342,6.25E-04,0.001983732,0.013073643,0.010906249,0.023914863,0.232236165,8.71E-04,0.009350367,3.01E-04,0.209958648,3.16E-04,0.004009665,0.006544028,3.20E-04,0.00479459,0.003343057,0.002791836,4.45E-05,1.55E-04,0.008050542,5.03E-04,1.91E-04,5.03E-05,0.001088711,1.85E-04,0.001317402
110,D10-H003,1,High-fat diet,0.013135675,0.014485159,0.0291789,0.268891889,0.970512749,0.053327689,0.136737016,0.819931902,0.003800847,0.003883067,0.029178559,0.001447876,0.005715246,0.013103935,0.041491494,0.005785118,0.001817777,0.003871725,0.011291825,0.002196845,0.003076032,0.034052947,0.001983578,0.013645341,5.53E-04,0.166730065,9.41E-05,1.70E-04,0.001157857,3.20E-04,0.003309845,8.79E-04,0.005133539,5.24E-05,6.27E-04,0.011370523,4.58E-04,8.83E-05,6.95E-05,0.002331739,1.65E-04,0.001285229
111,D10-H004,1,High-fat diet,0.024035314,0.010157644,0.065171797,0.204687307,0.435284763,0.032724119,0.072178127,0.518817296,0.01815782,0.02832725,0.043441934,0.002331359,0.005741072,0.027835725,0.086550012,0.003424311,0.001428842,0.002570928,0.011998453,0.015505374,0.003622911,0.045641036,0.001736621,0.021936599,0.001777132,0.181520266,2.91E-04,0.002837297,7.90E-04,3.20E-04,0.005793877,3.51E-04,9.12E-04,1.66E-04,3.40E-04,0.006108684,2.67E-04,5.26E-04,6.57E-05,0.001650055,1.09E-04,2.46E-04
112,D10-H005,1,High-fat diet,0.018146875,0.018812674,0.010008098,0.331552417,0.396154848,0.050735172,0.124728019,0.493251837,0.025549912,0.029866325,0.043441934,0.003238821,0.004482124,0.022521282,0.034578346,0.004949159,0.004554208,0.004384319,0.01526702,0.007336957,0.001827781,0.03742161,0.001886022,0.025673331,0.001485961,0.127888895,5.04E-04,0.002837297,8.75E-04,3.51E-04,0.008541841,1.15E-04,6.65E-05,8.58E-05,2.04E-04,0.005389847,4.20E-04,3.59E-05,4.68E-05,0.001937479,1.13E-04,2.81E-04
113,D28-N001,0,Normal,0.037780106,0.020895001,0.147892151,0.4112555,0.659845344,0.088348659,0.015443788,0.901451494,0.015925097,0.00397433,0.086947511,0.018234159,0.002513968,0.014593472,NA,0.013759595,0.007943925,0.008010632,0.001419021,NA,NA,0.062931353,5.63E-04,0.019915681,0.001099482,0.087028948,NA,0.002109864,0.002169681,2.86E-04,0.002528687,6.83E-05,8.18E-04,3.72E-05,4.47E-04,0.00288101,2.25E-04,2.33E-04,7.42E-06,9.96E-04,5.84E-05,5.63E-04
114,D28-N002,0,Normal,0.184365311,0.037512226,0.312011313,0.864039433,0.710673362,0.034432625,0.026584859,1.135190219,0.030999175,0.006365707,0.077710631,0.104428386,0.01092008,0.011707415,NA,0.004102089,0.001718965,0.002323253,0.001248267,NA,NA,0.180375152,6.20E-04,0.011977947,0.002765709,0.044704082,NA,0.001464206,0.003138856,1.30E-04,0.009287732,7.58E-05,0.001300843,8.26E-05,5.39E-04,0.009465009,7.32E-04,2.57E-04,1.59E-04,6.17E-04,5.32E-05,6.05E-04
115,D28-N003,0,Normal,0.194904958,0.041939875,0.299984124,1.084751776,1.01850036,0.036489303,0.028447793,1.309492507,0.046877104,0.007213345,0.106058968,0.108779059,0.014044886,0.019349056,NA,0.005878815,0.001972034,0.003128396,0.0039988,NA,NA,0.128132207,0.001358046,0.019613131,0.001567293,0.081033002,NA,9.76E-04,0.002921173,2.89E-04,0.011550785,2.38E-04,0.001790972,3.71E-05,9.82E-04,0.010567795,7.97E-04,1.13E-04,5.83E-05,6.11E-04,7.60E-05,7.14E-04
116,D28-N004,0,Normal,0.006372908,0.010517538,0.066755129,0.298263106,0.318566506,0.031170031,0.007160376,0.488854167,0.007001037,0.001424179,0.024413052,0.007147655,0.004389916,0.017666334,NA,0.004802605,0.005580452,0.002800327,0.001086834,NA,NA,0.038222167,5.55E-04,0.02046866,9.99E-04,0.066534066,NA,0.002109864,7.93E-04,1.30E-04,0.001914906,1.00E-05,2.28E-04,3.60E-05,2.10E-04,0.002359873,1.79E-04,9.67E-06,5.52E-05,3.43E-04,6.26E-05,2.96E-04
117,D28-N005,0,Normal,0.317319726,0.06424653,0.328915925,0.981116681,0.836887619,0.047561175,0.027871112,1.138885756,0.046274113,0.006729191,0.091323239,0.091469639,0.012530475,0.03144935,NA,0.009911384,0.003803237,0.004061914,0.002359448,NA,NA,0.156975559,9.99E-04,0.017551529,0.002173321,0.066744803,NA,9.97E-04,0.002046383,9.46E-04,0.01175243,7.97E-04,0.00113367,4.72E-04,0.001513369,0.011860858,0.001453509,3.73E-04,1.50E-04,9.01E-04,7.38E-05,5.40E-04
118,D28-H001,1,High-fat diet,0.005125459,0.010194196,0.025804704,0.220165338,0.316856081,0.026164175,0.001865207,0.235355193,0.002242413,1.60E-04,0.019367494,0.001592332,0.003486258,0.016148786,NA,0.004287035,0.004865586,0.001989638,2.57E-04,NA,NA,0.018246767,9.08E-04,0.008592436,5.87E-04,0.05202943,NA,0.001442889,0.001055861,2.54E-04,0.003958317,3.22E-05,3.06E-04,3.57E-05,3.51E-04,0.001601881,3.50E-06,2.02E-04,6.74E-05,4.81E-04,5.15E-05,1.96E-04
119,D28-H002,1,High-fat diet,0.113990765,0.035436552,0.113996504,0.881337694,0.761257928,0.041283815,0.009063798,0.910220492,0.007273955,0.002194573,0.039836083,0.107431247,0.008384639,0.019140209,NA,0.005643838,0.002007607,0.002715171,0.001835568,NA,NA,0.098321677,9.14E-04,0.004927237,7.41E-04,0.039853307,NA,8.40E-04,0.002065453,2.13E-04,0.010032886,1.72E-04,0.001453618,3.13E-05,3.43E-04,0.007366521,2.17E-04,2.07E-05,1.59E-04,0.001107257,6.98E-05,4.73E-04
120,D28-H003,1,High-fat diet,0.015888296,0.012673753,0.060498141,0.431540014,0.571352489,0.01904036,0.008254175,0.497971585,0.006225303,0.001492851,0.028162708,0.011091275,0.012949019,0.017557432,NA,0.002623465,0.003008036,0.001350195,0.001218615,NA,NA,0.04650476,0.001085983,0.014465179,2.03E-04,0.073458975,NA,6.50E-04,8.70E-04,1.97E-04,0.003599829,1.53E-05,7.18E-04,3.76E-05,3.79E-04,0.002812251,1.64E-06,1.54E-06,1.21E-04,2.53E-04,5.63E-05,3.32E-04
121,D28-H004,1,High-fat diet,0.289996388,0.057627563,0.255283555,1.405027434,1.071818863,0.018332287,0.030012177,1.387793653,0.034403407,0.006392034,0.090110031,0.140402322,0.017462875,0.021629266,NA,0.002184389,8.38E-04,0.001115997,0.003781069,NA,NA,0.233254625,0.001300918,0.016161006,0.001677314,0.060450571,NA,0.001982618,0.003271749,8.15E-04,0.016302884,5.40E-04,0.002447423,4.33E-05,0.001088327,0.013568051,8.75E-04,1.91E-04,1.03E-04,6.27E-04,8.30E-05,6.82E-04
122,D28-H005,1,High-fat diet,0.001543261,0.042487751,0.211441487,0.999283127,1.785088346,0.120962354,0.015201024,1.338234777,0.013198549,0.00405317,0.099172742,9.99E-04,0.005876125,0.031321089,NA,0.016533187,0.008962303,0.009032383,0.003015902,NA,NA,0.057590687,0.001368251,0.028410413,4.60E-04,0.173046956,NA,0.001442889,0.001537928,3.47E-04,0.006989244,1.51E-04,0.004523215,4.54E-05,4.54E-04,0.010770751,3.93E-04,2.02E-04,5.22E-05,0.001421898,1.86E-04,8.61E-04
123,D56-N001,0,Normal,0.115360833,0.011231856,0.108689066,0.558137104,0.439971637,0.023635225,0.014319131,0.531844349,0.020027381,0.002606938,0.036385161,0.032699824,0.023346036,0.008911284,NA,0.003480592,0.001986426,0.002036547,0.001269303,NA,NA,0.090417006,3.92E-04,0.011577764,5.51E-04,0.04662585,NA,0.001044051,7.53E-04,6.38E-05,0.003985311,8.28E-05,0.001480978,3.19E-05,2.97E-04,0.004831536,9.81E-05,2.79E-04,9.18E-05,0.001432108,6.41E-05,3.29E-04
124,D56-N002,0,Normal,0.102433407,0.015971483,0.110609975,0.485834393,0.366068871,0.016512865,0.011570441,0.441197851,0.017658464,0.001148756,0.0239064,0.048709877,0.008607533,0.010878121,NA,0.002333322,8.52E-04,0.001258448,4.64E-05,NA,NA,0.075205908,4.34E-04,0.01224501,0.001265487,0.047024933,NA,7.46E-04,0.001881785,2.58E-04,0.011411869,4.38E-04,0.005824146,2.10E-04,3.18E-04,0.014572112,7.78E-04,6.93E-04,2.40E-05,0.001446146,1.13E-04,2.73E-04
125,D56-N003,0,Normal,0.030076064,0.00518663,0.031960405,0.103529669,0.265603662,0.034023246,0.004627852,0.287481136,0.004816059,9.98E-05,0.024637943,0.003668194,0.003501687,0.007373252,NA,0.007363898,0.00465033,0.003455997,3.14E-04,NA,NA,0.040204276,3.92E-04,0.014216977,6.87E-04,0.056536617,NA,9.45E-04,4.31E-04,1.38E-04,0.001137213,5.70E-05,5.86E-04,3.46E-05,2.10E-04,0.002079639,8.87E-05,2.63E-05,4.12E-06,5.93E-04,8.88E-05,2.06E-04
126,D56-N004,0,Normal,0.009265524,0.006323884,0.036476997,0.170588687,0.256193746,0.02989312,0.003812962,0.283846582,0.004828819,3.58E-04,0.015980828,0.002781825,0.003327428,0.011794649,NA,0.004922905,0.006480755,0.003085141,2.62E-04,NA,NA,0.030041993,6.26E-04,0.015743942,7.09E-04,0.105014184,NA,9.45E-04,3.16E-04,3.46E-04,0.002035982,1.36E-04,8.92E-04,6.28E-05,1.90E-04,0.001939536,9.42E-05,4.05E-07,2.00E-05,3.26E-04,6.53E-05,1.97E-04
127,D56-N005,0,Normal,0.184193785,0.029144186,0.160405076,0.536189759,0.763768406,0.048400651,0.020421253,0.780776038,0.035428138,0.003084997,0.095856728,0.022280991,0.013728541,0.014262797,NA,0.010051299,0.00226597,0.004865859,0.001652785,NA,NA,0.126831036,4.98E-04,0.020273249,0.002261256,0.077483677,NA,0.001348836,0.008662155,0.002080431,0.020258209,9.66E-04,0.006419502,1.01E-04,0.001483556,0.016634727,0.002418835,5.55E-04,3.07E-05,0.001367421,2.17E-04,5.38E-04
128,D56-H001,1,High-fat diet,0.035161191,0.066765885,0.175447143,0.866004702,0.738689694,0.052246318,0.010073,1.346101965,0.01038267,0.005183692,0.073305266,0.031179257,0.007079989,0.02616584,NA,0.008292176,0.001683312,0.003388517,0.0024655,NA,NA,0.050034944,0.001505444,0.004982902,0.001212918,0.042456928,NA,0.003968617,0.002140515,3.88E-04,0.01032021,4.07E-04,0.001813401,1.74E-04,4.28E-04,0.01479603,3.80E-04,4.11E-05,4.89E-05,0.001773044,1.17E-04,7.92E-04
129,D56-H002,1,High-fat diet,0.031535666,0.069671492,0.202344256,1.205231586,0.970463396,0.063301695,0.019342716,1.723407974,0.014225431,0.00679889,0.070147987,0.049084127,0.007109452,0.028976001,NA,0.008366464,0.002413433,0.004188592,0.004580183,NA,NA,0.049792083,0.001383537,0.00701489,7.21E-04,0.096130258,NA,0.003968617,0.002914402,2.95E-04,0.009577479,1.62E-04,8.87E-04,3.70E-05,3.68E-04,0.009734128,3.46E-05,2.89E-05,1.54E-04,0.001276342,8.60E-05,8.52E-04
130,D56-H003,1,High-fat diet,0.181589341,0.098475239,0.280107164,1.153744131,1.876675619,0.069948597,0.023564409,1.772547312,0.029428941,0.007967672,0.138748847,0.135072746,0.008650428,0.037470328,NA,0.007884126,0.001686546,0.004695773,0.002977959,NA,NA,0.204619498,9.12E-04,0.012707708,0.00209749,0.113972892,NA,0.001621298,0.002652807,6.18E-04,0.01536717,8.70E-04,0.009295967,2.53E-04,0.001121333,0.029642576,0.001313703,1.95E-04,1.23E-04,0.003248393,1.59E-04,0.001014742
131,D56-H004,1,High-fat diet,0.057831665,0.083206323,0.157922601,0.791510985,1.231643191,0.083800381,0.010205553,1.415861509,0.017648702,0.00552186,0.108618006,0.015662907,0.010043772,0.033570057,NA,0.015364351,0.002982923,0.007202365,0.001590176,NA,NA,0.064622391,0.001566274,0.017407863,0.001231531,0.101906856,NA,0.003968617,0.004034721,5.60E-04,0.01022748,4.46E-04,0.003474842,1.14E-04,3.03E-04,0.013336499,8.06E-04,2.06E-04,3.59E-05,0.003023758,2.31E-04,8.48E-04
132,D56-H005,1,High-fat diet,0.470060958,0.082402558,0.357203975,1.202444855,1.599478814,0.102335794,0.030197363,2.304236594,0.036427532,0.014999224,0.120712656,0.072109266,0.019281667,0.039639141,NA,0.01959142,0.003870747,0.009773918,0.003786819,NA,NA,0.305588981,0.001632878,0.023311419,0.002220426,0.192226181,NA,0.003400546,0.004085629,0.001177019,0.012628838,5.97E-04,0.006286188,4.19E-05,3.70E-04,0.033845038,9.68E-04,0.001047874,4.34E-05,0.002409701,1.36E-04,0.001222179